{"cameraMode":{"drawMode":0,"name":"Shaded","section":"Shading Mode"},"sceneLighting":true,"audioPlay":false,"sceneViewState":{"showFog":true,"showMaterialUpdate":false,"showSkybox":true,"showFlares":true,"showImageEffects":true,"showParticleSystems":true},"in2DMode":false,"pivot":{"x":-0.9725686311721802,"y":-1.01658296585083,"z":1.7421116828918458},"rotation":{"x":-0.13554617762565614,"y":0.6867346167564392,"z":-0.13264968991279603,"w":-0.7017313838005066},"size":2.914222240447998,"orthographic":false}