{"cameraMode":{"drawMode":0,"name":"Shaded","section":"Shading Mode"},"sceneLighting":true,"audioPlay":false,"sceneViewState":{"showFog":true,"showMaterialUpdate":false,"showSkybox":true,"showFlares":true,"showImageEffects":true,"showParticleSystems":true},"in2DMode":false,"pivot":{"x":-2.3892464637756349,"y":-3.3469438552856447,"z":-2.0534019470214845},"rotation":{"x":-0.025979075580835344,"y":0.9690636992454529,"z":-0.21599958837032319,"w":-0.11655408143997193},"size":8.456026077270508,"orthographic":false}